Nome,Senha
joao_silva,senha123
maria_santos,abc456
pedro_oliveira,qwerty789
ana_rodrigues,pass1234
carlos_ferreira,seguro567
lucia_costa,12345abc
ricardo_almeida,senha9876
sofia_martins,abcde123
antonio_pereira,54321xyz
beatriz_sousa,qwer1234
gabriel_santos,asdf5678
isabela_oliveira,zxcv9876
miguel_rodrigues,1q2w3e4r
carolina_silva,p@ssw0rd
rafael_fernandes,abcd1234
camila_costa,98765qwe
lucas_martins,senhasegura
juliana_alves,123mudar
fernando_cardoso,qazwsx123
mariana_ribeiro,senha@123
gustavo_gomes,abc123xyz
amanda_ferreira,p@ss123
diego_carvalho,mudar123
larissa_mendes,seguro456
andre_santos,1234abcd
vanessa_oliveira,qwerty123
rodrigo_silva,mudar@123
patricia_costa,abcxyz123
bruno_almeida,senha1234
natalia_sousa,12345qwerty
felipe_rodrigues,123456abc
daniela_martins,seguro789
leonardo_pereira,abc@123
tatiana_ribeiro,mudar456
eduardo_fernandes,123qweasd
monica_santos,senha789
renato_oliveira,abcdef123
viviane_costa,123mudar456
marcelo_alves,qwerty789
priscila_silva,seguro@123
thiago_gomes,123abc456
carla_ferreira,mudar789
nelson_cardoso,senha456
sabrina_mendes,123qwe456
roberto_santos,abcd5678
julia_oliveira,qwerty123
mauricio_costa,senha@789
alessandra_rodrigues,123seguro
guilherme_almeida,mudar1234
bianca_martins,abc789xyz
